sample,temperature,residence_time,pressure,heat_rate,wc,vm,fc,ac,c,h,o,n,s,cl,hc,oc,lhv,devol_yield,Category
brown_coal_1,600,0.5,1.0,1000,10.8,44.2,40.9,4.2,63.4,3.9,16.2,0.9,0.6,0.0,0.7,0.2,20.13,3.437226915,coal
brown_coal_2,600,0.5,1.0,1000,10.8,44.2,40.9,4.2,63.4,3.9,16.2,0.9,0.6,0.0,0.7,0.2,20.13,3.163017032,coal
brown_coal_3,600,0.5,1.0,1000,10.8,44.2,40.9,4.2,63.4,3.9,16.2,0.9,0.6,0.0,0.7,0.2,20.13,4.827940421,coal
brown_coal_4,600,0.5,1.0,1000,10.8,44.2,40.9,4.2,63.4,3.9,16.2,0.9,0.6,0.0,0.7,0.2,20.13,4.509894156,coal
brown_coal_5,600,1.0,1.0,1000,10.8,44.2,40.9,4.2,63.4,3.9,16.2,0.9,0.6,0.0,0.7,0.2,20.13,4.128819158,coal
brown_coal_6,600,1.0,1.0,1000,10.8,44.2,40.9,4.2,63.4,3.9,16.2,0.9,0.6,0.0,0.7,0.2,20.13,27.59526938,coal
brown_coal_7,600,1.0,1.0,1000,10.8,44.2,40.9,4.2,63.4,3.9,16.2,0.9,0.6,0.0,0.7,0.2,20.13,6.95329087,coal
brown_coal_9,600,1.0,1.0,1000,10.8,44.2,40.9,4.2,63.4,3.9,16.2,0.9,0.6,0.0,0.7,0.2,20.13,7.018209408,coal
brown_coal_10,600,1.0,1.0,1000,10.8,44.2,40.9,4.2,63.4,3.9,16.2,0.9,0.6,0.0,0.7,0.2,20.13,21.66005291,coal
brown_coal_11,600,1.0,1.0,1000,10.8,44.2,40.9,4.2,63.4,3.9,16.2,0.9,0.6,0.0,0.7,0.2,20.13,1.965317919,coal
brown_coal_12,600,2.0,1.0,1000,10.8,44.2,40.9,4.2,63.4,3.9,16.2,0.9,0.6,0.0,0.7,0.2,20.13,5.12319124,coal
brown_coal_13,600,2.0,1.0,1000,10.8,44.2,40.9,4.2,63.4,3.9,16.2,0.9,0.6,0.0,0.7,0.2,20.13,12.37263464,coal
brown_coal_14,600,2.0,1.0,1000,10.8,44.2,40.9,4.2,63.4,3.9,16.2,0.9,0.6,0.0,0.7,0.2,20.13,4.573061808,coal
brown_coal_15,600,2.0,1.0,1000,10.8,44.2,40.9,4.2,63.4,3.9,16.2,0.9,0.6,0.0,0.7,0.2,20.13,3.400309119,coal
brown_coal_16,600,2.0,1.0,1000,10.8,44.2,40.9,4.2,63.4,3.9,16.2,0.9,0.6,0.0,0.7,0.2,20.13,17.69822683,coal
brown_coal_17,600,5.0,1.0,1000,10.8,44.2,40.9,4.2,63.4,3.9,16.2,0.9,0.6,0.0,0.7,0.2,20.13,9.536474164,coal
brown_coal_18,600,5.0,1.0,1000,10.8,44.2,40.9,4.2,63.4,3.9,16.2,0.9,0.6,0.0,0.7,0.2,20.13,9.141791045,coal
brown_coal_19,600,5.0,1.0,1000,10.8,44.2,40.9,4.2,63.4,3.9,16.2,0.9,0.6,0.0,0.7,0.2,20.13,5.752212389,coal
brown_coal_20,600,5.0,1.0,1000,10.8,44.2,40.9,4.2,63.4,3.9,16.2,0.9,0.6,0.0,0.7,0.2,20.13,12.51504212,coal
brown_coal_21,600,10.0,1.0,1000,10.8,44.2,40.9,4.2,63.4,3.9,16.2,0.9,0.6,0.0,0.7,0.2,20.13,18.31769204,coal
brown_coal_22,600,10.0,1.0,1000,10.8,44.2,40.9,4.2,63.4,3.9,16.2,0.9,0.6,0.0,0.7,0.2,20.13,23.35888037,coal
brown_coal_23,600,10.0,1.0,1000,10.8,44.2,40.9,4.2,63.4,3.9,16.2,0.9,0.6,0.0,0.7,0.2,20.13,21.50501672,coal
brown_coal_25,600,0.5,1.0,1000,10.8,44.2,40.9,4.2,63.4,3.9,16.2,0.9,0.6,0.0,0.7,0.2,20.13,6.777050443,coal
brown_coal_26,600,0.5,1.0,1000,10.8,44.2,40.9,4.2,63.4,3.9,16.2,0.9,0.6,0.0,0.7,0.2,20.13,4.343566297,coal
brown_coal_27,600,1.0,1.0,1000,10.8,44.2,40.9,4.2,63.4,3.9,16.2,0.9,0.6,0.0,0.7,0.2,20.13,4.677302393,coal
brown_coal_29,600,1.0,1.0,1000,10.8,44.2,40.9,4.2,63.4,3.9,16.2,0.9,0.6,0.0,0.7,0.2,20.13,25.51828119,coal
brown_coal_31,600,2.0,1.0,1000,10.8,44.2,40.9,4.2,63.4,3.9,16.2,0.9,0.6,0.0,0.7,0.2,20.13,3.984063745,coal
brown_coal_32,600,2.0,1.0,1000,10.8,44.2,40.9,4.2,63.4,3.9,16.2,0.9,0.6,0.0,0.7,0.2,20.13,8.362480127,coal
brown_coal_34,800,0.5,1.0,1000,10.8,44.2,40.9,4.2,63.4,3.9,16.2,0.9,0.6,0.0,0.7,0.2,20.13,13.49206349,coal
brown_coal_36,800,0.5,1.0,1000,10.8,44.2,40.9,4.2,63.4,3.9,16.2,0.9,0.6,0.0,0.7,0.2,20.13,17.22328244,coal
brown_coal_37,800,0.5,1.0,1000,10.8,44.2,40.9,4.2,63.4,3.9,16.2,0.9,0.6,0.0,0.7,0.2,20.13,7.544979687,coal
brown_coal_38,800,1.0,1.0,1000,10.8,44.2,40.9,4.2,63.4,3.9,16.2,0.9,0.6,0.0,0.7,0.2,20.13,12.24868543,coal
brown_coal_39,800,1.0,1.0,1000,10.8,44.2,40.9,4.2,63.4,3.9,16.2,0.9,0.6,0.0,0.7,0.2,20.13,12.62425447,coal
brown_coal_40,800,1.0,1.0,1000,10.8,44.2,40.9,4.2,63.4,3.9,16.2,0.9,0.6,0.0,0.7,0.2,20.13,14.97619919,coal
brown_coal_41,800,2.0,1.0,1000,10.8,44.2,40.9,4.2,63.4,3.9,16.2,0.9,0.6,0.0,0.7,0.2,20.13,33.39815265,coal
brown_coal_42,800,2.0,1.0,1000,10.8,44.2,40.9,4.2,63.4,3.9,16.2,0.9,0.6,0.0,0.7,0.2,20.13,25.50306212,coal
brown_coal_43,800,2.0,1.0,1000,10.8,44.2,40.9,4.2,63.4,3.9,16.2,0.9,0.6,0.0,0.7,0.2,20.13,26.36279643,coal
brown_coal_44,800,5.0,1.0,1000,10.8,44.2,40.9,4.2,63.4,3.9,16.2,0.9,0.6,0.0,0.7,0.2,20.13,43.97537379,coal
brown_coal_45,800,5.0,1.0,1000,10.8,44.2,40.9,4.2,63.4,3.9,16.2,0.9,0.6,0.0,0.7,0.2,20.13,36.80792891,coal
brown_coal_46,800,5.0,1.0,1000,10.8,44.2,40.9,4.2,63.4,3.9,16.2,0.9,0.6,0.0,0.7,0.2,20.13,34.97978047,coal
brown_coal_47,800,10.0,1.0,1000,10.8,44.2,40.9,4.2,63.4,3.9,16.2,0.9,0.6,0.0,0.7,0.2,20.13,53.2967033,coal
brown_coal_48,800,10.0,1.0,1000,10.8,44.2,40.9,4.2,63.4,3.9,16.2,0.9,0.6,0.0,0.7,0.2,20.13,40.80808081,coal
brown_coal_50,800,10.0,1.0,1000,10.8,44.2,40.9,4.2,63.4,3.9,16.2,0.9,0.6,0.0,0.7,0.2,20.13,40.24390244,coal
brown_coal_51,800,10.0,1.0,1000,10.8,44.2,40.9,4.2,63.4,3.9,16.2,0.9,0.6,0.0,0.7,0.2,20.13,37.26474279,coal
brown_coal_52,1000,0.5,1.0,1000,10.8,44.2,40.9,4.2,63.4,3.9,16.2,0.9,0.6,0.0,0.7,0.2,20.13,18.59631148,coal
brown_coal_53,1000,0.5,1.0,1000,10.8,44.2,40.9,4.2,63.4,3.9,16.2,0.9,0.6,0.0,0.7,0.2,20.13,43.07516215,coal
brown_coal_54,1000,0.5,1.0,1000,10.8,44.2,40.9,4.2,63.4,3.9,16.2,0.9,0.6,0.0,0.7,0.2,20.13,19.79015919,coal
brown_coal_55,1000,1.0,1.0,1000,10.8,44.2,40.9,4.2,63.4,3.9,16.2,0.9,0.6,0.0,0.7,0.2,20.13,26.15340254,coal
brown_coal_56,1000,1.0,1.0,1000,10.8,44.2,40.9,4.2,63.4,3.9,16.2,0.9,0.6,0.0,0.7,0.2,20.13,19.26113041,coal
brown_coal_57,1000,1.0,1.0,1000,10.8,44.2,40.9,4.2,63.4,3.9,16.2,0.9,0.6,0.0,0.7,0.2,20.13,36.06340819,coal
brown_coal_58,1000,2.0,1.0,1000,10.8,44.2,40.9,4.2,63.4,3.9,16.2,0.9,0.6,0.0,0.7,0.2,20.13,41.62851537,coal
brown_coal_59,1000,2.0,1.0,1000,10.8,44.2,40.9,4.2,63.4,3.9,16.2,0.9,0.6,0.0,0.7,0.2,20.13,39.06097163,coal
brown_coal_60,1000,2.0,1.0,1000,10.8,44.2,40.9,4.2,63.4,3.9,16.2,0.9,0.6,0.0,0.7,0.2,20.13,37.53518924,coal
brown_coal_61,1000,5.0,1.0,1000,10.8,44.2,40.9,4.2,63.4,3.9,16.2,0.9,0.6,0.0,0.7,0.2,20.13,38.59649123,coal
brown_coal_62,1000,5.0,1.0,1000,10.8,44.2,40.9,4.2,63.4,3.9,16.2,0.9,0.6,0.0,0.7,0.2,20.13,44.11016949,coal
brown_coal_64,1000,5.0,1.0,1000,10.8,44.2,40.9,4.2,63.4,3.9,16.2,0.9,0.6,0.0,0.7,0.2,20.13,45.58823529,coal
brown_coal_65,1000,10.0,1.0,1000,10.8,44.2,40.9,4.2,63.4,3.9,16.2,0.9,0.6,0.0,0.7,0.2,20.13,48.22476073,coal
brown_coal_67,1000,10.0,1.0,1000,10.8,44.2,40.9,4.2,63.4,3.9,16.2,0.9,0.6,0.0,0.7,0.2,20.13,47.3022912,coal
brown_coal_68,1000,10.0,1.0,1000,10.8,44.2,40.9,4.2,63.4,3.9,16.2,0.9,0.6,0.0,0.7,0.2,20.13,45.99761051,coal
brown_coal_69,1000,0.5,1.0,1000,10.8,44.2,40.9,4.2,63.4,3.9,16.2,0.9,0.6,0.0,0.7,0.2,20.13,31.74086138,coal
brown_coal_70,1000,0.5,1.0,1000,10.8,44.2,40.9,4.2,63.4,3.9,16.2,0.9,0.6,0.0,0.7,0.2,20.13,11.11538462,coal
brown_coal_71,1000,1.0,1.0,1000,10.8,44.2,40.9,4.2,63.4,3.9,16.2,0.9,0.6,0.0,0.7,0.2,20.13,33.92388451,coal
brown_coal_72,800,0.5,1.0,1000,10.8,44.2,40.9,4.2,63.4,3.9,16.2,0.9,0.6,0.0,0.7,0.2,20.13,16.04688763,coal
brown_coal_74,600,1.0,1.0,1000,10.8,44.2,40.9,4.2,63.4,3.9,16.2,0.9,0.6,0.0,0.7,0.2,20.13,18.65900383,coal
brown_coal_75,600,2.0,1.0,1000,10.8,44.2,40.9,4.2,63.4,3.9,16.2,0.9,0.6,0.0,0.7,0.2,20.13,8.074741408,coal
brown_coal_77,600,2.0,1.0,1000,10.8,44.2,40.9,4.2,63.4,3.9,16.2,0.9,0.6,0.0,0.7,0.2,20.13,7.591240876,coal
brown_coal_78,1000,5.0,1.0,1000,10.8,44.2,40.9,4.2,63.4,3.9,16.2,0.9,0.6,0.0,0.7,0.2,20.13,45.59173948,coal
brown_coal_79,800,2.0,1.0,1000,10.8,44.2,40.9,4.2,63.4,3.9,16.2,0.9,0.6,0.0,0.7,0.2,20.13,20.58516196,coal
brown_coal_80,800,5.0,1.0,1000,10.8,44.2,40.9,4.2,63.4,3.9,16.2,0.9,0.6,0.0,0.7,0.2,20.13,36.00648036,coal
brown_coal_161,600,5.0,1.0,1000,10.8,44.2,40.9,4.2,63.4,3.9,16.2,0.9,0.6,0.0,0.7,0.2,20.13,43.22779244,coal
brown_coal_162,600,5.0,1.0,1000,10.8,44.2,40.9,4.2,63.4,3.9,16.2,0.9,0.6,0.0,0.7,0.2,20.13,21.22328666,coal
brown_coal_163,600,5.0,1.0,1000,10.8,44.2,40.9,4.2,63.4,3.9,16.2,0.9,0.6,0.0,0.7,0.2,20.13,17.219836,coal
brown_coal_164,600,5.0,1.0,1000,10.8,44.2,40.9,4.2,63.4,3.9,16.2,0.9,0.6,0.0,0.7,0.2,20.13,27.44776731,coal
brown_coal_165,600,5.0,1.0,1000,10.8,44.2,40.9,4.2,63.4,3.9,16.2,0.9,0.6,0.0,0.7,0.2,20.13,15.46890106,coal
brown_coal_166,800,0.5,1.0,1000,10.8,44.2,40.9,4.2,63.4,3.9,16.2,0.9,0.6,0.0,0.7,0.2,20.13,24.57741717,coal
brown_coal_167,800,0.5,1.0,1000,10.8,44.2,40.9,4.2,63.4,3.9,16.2,0.9,0.6,0.0,0.7,0.2,20.13,34.09812919,coal
brown_coal_168,800,0.5,1.0,1000,10.8,44.2,40.9,4.2,63.4,3.9,16.2,0.9,0.6,0.0,0.7,0.2,20.13,23.10456342,coal
brown_coal_169,800,1.0,1.0,1000,10.8,44.2,40.9,4.2,63.4,3.9,16.2,0.9,0.6,0.0,0.7,0.2,20.13,33.23657475,coal
brown_coal_170,800,1.0,1.0,1000,10.8,44.2,40.9,4.2,63.4,3.9,16.2,0.9,0.6,0.0,0.7,0.2,20.13,32.31748158,coal
brown_coal_172,800,1.0,1.0,1000,10.8,44.2,40.9,4.2,63.4,3.9,16.2,0.9,0.6,0.0,0.7,0.2,20.13,16.91729323,coal
brown_coal_173,1000,1.0,1.0,1000,10.8,44.2,40.9,4.2,63.4,3.9,16.2,0.9,0.6,0.0,0.7,0.2,20.13,45.75438596,coal
brown_coal_174,1000,1.0,1.0,1000,10.8,44.2,40.9,4.2,63.4,3.9,16.2,0.9,0.6,0.0,0.7,0.2,20.13,44.28857715,coal
brown_coal_188,800,10.0,5.0,1000,10.8,44.2,40.9,4.2,63.4,3.9,16.2,0.9,0.6,0.0,0.7,0.2,20.13,25.18590365,coal
brown_coal_189,800,10.0,10.0,1000,10.8,44.2,40.9,4.2,63.4,3.9,16.2,0.9,0.6,0.0,0.7,0.2,20.13,35.77631122,coal
brown_coal_190,800,10.0,20.0,1000,10.8,44.2,40.9,4.2,63.4,3.9,16.2,0.9,0.6,0.0,0.7,0.2,20.13,19.58168049,coal
brown_coal_191,800,1.0,1.0,1000,10.8,44.2,40.9,4.2,63.4,3.9,16.2,0.9,0.6,0.0,0.7,0.2,20.13,40.86897488,coal
brown_coal_192,800,10.0,5.0,1000,10.8,44.2,40.9,4.2,63.4,3.9,16.2,0.9,0.6,0.0,0.7,0.2,20.13,26.81407661,coal
brown_coal_193,800,1.0,1.0,1000,10.8,44.2,40.9,4.2,63.4,3.9,16.2,0.9,0.6,0.0,0.7,0.2,20.13,28.28315183,coal
brown_coal_194,800,10.0,10.0,1000,10.8,44.2,40.9,4.2,63.4,3.9,16.2,0.9,0.6,0.0,0.7,0.2,20.13,38.2517049,coal
brown_coal_196,800,10.0,20.0,1000,10.8,44.2,40.9,4.2,63.4,3.9,16.2,0.9,0.6,0.0,0.7,0.2,20.13,32.26708075,coal
brown_coal_197,800,1.0,1.0,1000,10.8,44.2,40.9,4.2,63.4,3.9,16.2,0.9,0.6,0.0,0.7,0.2,20.13,42.47606019,coal
brown_coal_198,800,10.0,5.0,1000,10.8,44.2,40.9,4.2,63.4,3.9,16.2,0.9,0.6,0.0,0.7,0.2,20.13,33.27650869,coal
brown_coal_199,800,10.0,10.0,1000,10.8,44.2,40.9,4.2,63.4,3.9,16.2,0.9,0.6,0.0,0.7,0.2,20.13,19.90870787,coal
brown_coal_200,800,10.0,20.0,1000,10.8,44.2,40.9,4.2,63.4,3.9,16.2,0.9,0.6,0.0,0.7,0.2,20.13,26.51701157,coal
brown_coal_201,800,1.0,1.0,1000,10.8,44.2,40.9,4.2,63.4,3.9,16.2,0.9,0.6,0.0,0.7,0.2,20.13,35.63458856,coal
brown_coal_235,800,10.0,5.0,1000,10.8,44.2,40.9,4.2,63.4,3.9,16.2,0.9,0.6,0.0,0.7,0.2,20.13,38.99138991,coal
brown_coal_236,800,2.0,1.0,1000,10.8,44.2,40.9,4.2,63.4,3.9,16.2,0.9,0.6,0.0,0.7,0.2,20.13,41.49521878,coal
brown_coal_237,800,10.0,5.0,1000,10.8,44.2,40.9,4.2,63.4,3.9,16.2,0.9,0.6,0.0,0.7,0.2,20.13,33.20509026,coal
brown_coal_238,800,2.0,1.0,1000,10.8,44.2,40.9,4.2,63.4,3.9,16.2,0.9,0.6,0.0,0.7,0.2,20.13,40.89793055,coal
brown_coal_239,800,10.0,5.0,1000,10.8,44.2,40.9,4.2,63.4,3.9,16.2,0.9,0.6,0.0,0.7,0.2,20.13,40.18249409,coal
brown_coal_242,800,10.0,10.0,1000,10.8,44.2,40.9,4.2,63.4,3.9,16.2,0.9,0.6,0.0,0.7,0.2,20.13,39.66745843,coal
brown_coal_243,800,2.0,1.0,1000,10.8,44.2,40.9,4.2,63.4,3.9,16.2,0.9,0.6,0.0,0.7,0.2,20.13,24.92125984,coal
brown_coal_244,800,10.0,10.0,1000,10.8,44.2,40.9,4.2,63.4,3.9,16.2,0.9,0.6,0.0,0.7,0.2,20.13,39.19379845,coal
brown_coal_245,800,10.0,10.0,1000,10.8,44.2,40.9,4.2,63.4,3.9,16.2,0.9,0.6,0.0,0.7,0.2,20.13,34.17721519,coal
brown_coal_246,1000,1.0,1.0,1000,10.8,44.2,40.9,4.2,63.4,3.9,16.2,0.9,0.6,0.0,0.7,0.2,20.13,46.20915033,coal
brown_coal_247,800,10.0,20.0,1000,10.8,44.2,40.9,4.2,63.4,3.9,16.2,0.9,0.6,0.0,0.7,0.2,20.13,39.88679245,coal
brown_coal_248,800,10.0,20.0,1000,10.8,44.2,40.9,4.2,63.4,3.9,16.2,0.9,0.6,0.0,0.7,0.2,20.13,35.00208594,coal
brown_coal_249,800,10.0,20.0,1000,10.8,44.2,40.9,4.2,63.4,3.9,16.2,0.9,0.6,0.0,0.7,0.2,20.13,31.80547792,coal
brown_coal_250,1000,1.0,1.0,1000,10.8,44.2,40.9,4.2,63.4,3.9,16.2,0.9,0.6,0.0,0.7,0.2,20.13,35.61964147,coal
bcoal_1,1000,10.0,1.0,10,10.8,44.2,40.9,4.2,63.4,3.9,16.2,0.9,0.6,0.0,0.7,0.2,20.13,68.59770115,coal
bcoal_2,1000,10.0,1.0,10,10.8,44.2,40.9,4.2,63.4,3.9,16.2,0.9,0.6,0.0,0.7,0.2,20.13,70.2074392,coal
bcoal_3,1000,10.0,1.0,10,10.8,44.2,40.9,4.2,63.4,3.9,16.2,0.9,0.6,0.0,0.7,0.2,20.13,67.432531,coal
bcoal_4,1000,10.0,1.0,10,10.8,44.2,40.9,4.2,63.4,3.9,16.2,0.9,0.6,0.0,0.7,0.2,20.13,66.56225529,coal
bcoal_5,1000,10.0,1.0,50,10.8,44.2,40.9,4.2,63.4,3.9,16.2,0.9,0.6,0.0,0.7,0.2,20.13,72.72012579,coal
bcoal_6,1000,10.0,1.0,50,10.8,44.2,40.9,4.2,63.4,3.9,16.2,0.9,0.6,0.0,0.7,0.2,20.13,60.7195301,coal
bcoal_7,1000,10.0,1.0,50,10.8,44.2,40.9,4.2,63.4,3.9,16.2,0.9,0.6,0.0,0.7,0.2,20.13,64.56211813,coal
bcoal_8,1000,10.0,1.0,50,10.8,44.2,40.9,4.2,63.4,3.9,16.2,0.9,0.6,0.0,0.7,0.2,20.13,64.08450704,coal
bcoal_9,1000,10.0,1.0,50,10.8,44.2,40.9,4.2,63.4,3.9,16.2,0.9,0.6,0.0,0.7,0.2,20.13,59.82547993,coal
bcoal_10,1000,10.0,1.0,100,10.8,44.2,40.9,4.2,63.4,3.9,16.2,0.9,0.6,0.0,0.7,0.2,20.13,65.79159935,coal
bcoal_11,1000,10.0,1.0,100,10.8,44.2,40.9,4.2,63.4,3.9,16.2,0.9,0.6,0.0,0.7,0.2,20.13,64.79514416,coal
bcoal_12,1000,10.0,1.0,100,10.8,44.2,40.9,4.2,63.4,3.9,16.2,0.9,0.6,0.0,0.7,0.2,20.13,82.19078709,coal
bcoal_13,1000,10.0,1.0,100,10.8,44.2,40.9,4.2,63.4,3.9,16.2,0.9,0.6,0.0,0.7,0.2,20.13,64.98283472,coal
bcoal_14,1000,10.0,1.0,500,10.8,44.2,40.9,4.2,63.4,3.9,16.2,0.9,0.6,0.0,0.7,0.2,20.13,56.0666138,coal
bcoal_15,1000,10.0,1.0,500,10.8,44.2,40.9,4.2,63.4,3.9,16.2,0.9,0.6,0.0,0.7,0.2,20.13,54.25373134,coal
bcoal_16,1000,10.0,1.0,500,10.8,44.2,40.9,4.2,63.4,3.9,16.2,0.9,0.6,0.0,0.7,0.2,20.13,61.1492817,coal
bcoal_17,1000,10.0,1.0,500,10.8,44.2,40.9,4.2,63.4,3.9,16.2,0.9,0.6,0.0,0.7,0.2,20.13,61.79867987,coal
bcoal_18,1000,10.0,1.0,500,10.8,44.2,40.9,4.2,63.4,3.9,16.2,0.9,0.6,0.0,0.7,0.2,20.13,77.52075919,coal
bcoal_19,1000,10.0,1.0,1000,10.8,44.2,40.9,4.2,63.4,3.9,16.2,0.9,0.6,0.0,0.7,0.2,20.13,63.5451505,coal
bcoal_20,1000,10.0,1.0,1000,10.8,44.2,40.9,4.2,63.4,3.9,16.2,0.9,0.6,0.0,0.7,0.2,20.13,55.15813253,coal
bcoal_21,1000,10.0,1.0,1000,10.8,44.2,40.9,4.2,63.4,3.9,16.2,0.9,0.6,0.0,0.7,0.2,20.13,62.89782245,coal
bcoal_22,1000,10.0,1.0,1000,10.8,44.2,40.9,4.2,63.4,3.9,16.2,0.9,0.6,0.0,0.7,0.2,20.13,71.21212121,coal
bcoal_22,600,10.0,1.0,1000,10.8,44.2,40.9,4.2,63.4,3.9,16.2,0.9,0.6,0.0,0.7,0.2,20.13,46.56997256,coal
bcoal_23,600,10.0,1.0,1000,10.8,44.2,40.9,4.2,63.4,3.9,16.2,0.9,0.6,0.0,0.7,0.2,20.13,44.00852878,coal
bcoal_24,600,10.0,1.0,1000,10.8,44.2,40.9,4.2,63.4,3.9,16.2,0.9,0.6,0.0,0.7,0.2,20.13,41.19507909,coal
bcoal_25,800,10.0,1.0,1000,10.8,44.2,40.9,4.2,63.4,3.9,16.2,0.9,0.6,0.0,0.7,0.2,20.13,60.0,coal
bcoal_26,800,10.0,1.0,1000,10.8,44.2,40.9,4.2,63.4,3.9,16.2,0.9,0.6,0.0,0.7,0.2,20.13,50.08970219,coal
bcoal_27,800,10.0,1.0,1000,10.8,44.2,40.9,4.2,63.4,3.9,16.2,0.9,0.6,0.0,0.7,0.2,20.13,62.02691337,coal
bcoal_28,1000,10.0,1.0,1000,10.8,44.2,40.9,4.2,63.4,3.9,16.2,0.9,0.6,0.0,0.7,0.2,20.13,75.85644372,coal
bcoal_29,1000,10.0,1.0,1000,10.8,44.2,40.9,4.2,63.4,3.9,16.2,0.9,0.6,0.0,0.7,0.2,20.13,70.86183311,coal
bcoal_30,1000,10.0,1.0,1000,10.8,44.2,40.9,4.2,63.4,3.9,16.2,0.9,0.6,0.0,0.7,0.2,20.13,47.32109404,coal
bks_8,1000,10.0,1.0,10,10.8,44.2,40.9,4.2,63.4,3.9,16.2,0.9,0.6,0.0,0.7,0.2,20.13,55.59964727,coal
bks_10,1000,10.0,1.0,10,10.8,44.2,40.9,4.2,63.4,3.9,16.2,0.9,0.6,0.0,0.7,0.2,20.13,64.49953227,coal
bks_11,1000,10.0,1.0,10,10.8,44.2,40.9,4.2,63.4,3.9,16.2,0.9,0.6,0.0,0.7,0.2,20.13,53.35743802,coal
bks_12,1000,10.0,1.0,50,10.8,44.2,40.9,4.2,63.4,3.9,16.2,0.9,0.6,0.0,0.7,0.2,20.13,56.59640906,coal
bks_18,1000,10.0,1.0,50,10.8,44.2,40.9,4.2,63.4,3.9,16.2,0.9,0.6,0.0,0.7,0.2,20.13,53.63234365,coal
bks_20,1000,10.0,1.0,50,10.8,44.2,40.9,4.2,63.4,3.9,16.2,0.9,0.6,0.0,0.7,0.2,20.13,64.14656772,coal
bks_24,1000,10.0,1.0,100,10.8,44.2,40.9,4.2,63.4,3.9,16.2,0.9,0.6,0.0,0.7,0.2,20.13,64.55813953,coal
bks_26,1000,10.0,1.0,100,10.8,44.2,40.9,4.2,63.4,3.9,16.2,0.9,0.6,0.0,0.7,0.2,20.13,55.89225589,coal
bks_28,1000,10.0,1.0,100,10.8,44.2,40.9,4.2,63.4,3.9,16.2,0.9,0.6,0.0,0.7,0.2,20.13,61.35607321,coal
bks_29,1000,10.0,1.0,500,10.8,44.2,40.9,4.2,63.4,3.9,16.2,0.9,0.6,0.0,0.7,0.2,20.13,50.43630017,coal
bks_30,1000,10.0,1.0,500,10.8,44.2,40.9,4.2,63.4,3.9,16.2,0.9,0.6,0.0,0.7,0.2,20.13,50.01952362,coal
bks_35,1000,10.0,1.0,1000,10.8,44.2,40.9,4.2,63.4,3.9,16.2,0.9,0.6,0.0,0.7,0.2,20.13,59.78647687,coal
bks_51,1000,10.0,1.0,1000,10.8,44.2,40.9,4.2,63.4,3.9,16.2,0.9,0.6,0.0,0.7,0.2,20.13,55.7486631,coal
bks_53,1000,10.0,1.0,1000,10.8,44.2,40.9,4.2,63.4,3.9,16.2,0.9,0.6,0.0,0.7,0.2,20.13,56.41821946,coal
bks_55,1000,10.0,1.0,1000,10.8,44.2,40.9,4.2,63.4,3.9,16.2,0.9,0.6,0.0,0.7,0.2,20.13,57.7540107,coal
bks_57,1000,10.0,1.0,1000,10.8,44.2,40.9,4.2,63.4,3.9,16.2,0.9,0.6,0.0,0.7,0.2,20.13,52.72556391,coal
bks_62,1000,10.0,1.0,1000,10.8,44.2,40.9,4.2,63.4,3.9,16.2,0.9,0.6,0.0,0.7,0.2,20.13,51.89161554,coal
bks_64,800,10.0,1.0,1000,10.8,44.2,40.9,4.2,63.4,3.9,16.2,0.9,0.6,0.0,0.7,0.2,20.13,55.86835845,coal
bks_65,800,10.0,1.0,1000,10.8,44.2,40.9,4.2,63.4,3.9,16.2,0.9,0.6,0.0,0.7,0.2,20.13,55.14998193,coal
bks_66,800,10.0,1.0,1000,10.8,44.2,40.9,4.2,63.4,3.9,16.2,0.9,0.6,0.0,0.7,0.2,20.13,17.59348035,coal
bks_69,800,10.0,1.0,1000,10.8,44.2,40.9,4.2,63.4,3.9,16.2,0.9,0.6,0.0,0.7,0.2,20.13,49.19559695,coal
bks_71,600,10.0,1.0,1000,10.8,44.2,40.9,4.2,63.4,3.9,16.2,0.9,0.6,0.0,0.7,0.2,20.13,54.93171472,coal
bks_73,600,10.0,1.0,1000,10.8,44.2,40.9,4.2,63.4,3.9,16.2,0.9,0.6,0.0,0.7,0.2,20.13,50.21097046,coal
bks_75,600,10.0,1.0,1000,10.8,44.2,40.9,4.2,63.4,3.9,16.2,0.9,0.6,0.0,0.7,0.2,20.13,45.99351552,coal
bks_76,600,10.0,1.0,1000,10.8,44.2,40.9,4.2,63.4,3.9,16.2,0.9,0.6,0.0,0.7,0.2,20.13,54.28999625,coal
_bks_1,400,10.0,1.0,1000,10.8,44.2,40.9,4.2,63.4,3.9,16.2,0.9,0.6,0.0,0.7,0.2,20.13,13.96076308,coal
_bks_2,600,10.0,1.0,1000,10.8,44.2,40.9,4.2,63.4,3.9,16.2,0.9,0.6,0.0,0.7,0.2,20.13,28.64043082,coal
_bks_3,800,10.0,1.0,1000,10.8,44.2,40.9,4.2,63.4,3.9,16.2,0.9,0.6,0.0,0.7,0.2,20.13,44.68062551,coal
_bks_4,1000,10.0,1.0,1000,10.8,44.2,40.9,4.2,63.4,3.9,16.2,0.9,0.6,0.0,0.7,0.2,20.13,49.48068752,coal
_bks_5,1200,10.0,1.0,1000,10.8,44.2,40.9,4.2,63.4,3.9,16.2,0.9,0.6,0.0,0.7,0.2,20.13,50.87234255,coal
_bks_8,800,10.0,1.0,1000,10.8,44.2,40.9,4.2,63.4,3.9,16.2,0.9,0.6,0.0,0.7,0.2,20.13,44.68062551,coal
_bks_9,800,10.0,5.0,1000,10.8,44.2,40.9,4.2,63.4,3.9,16.2,0.9,0.6,0.0,0.7,0.2,20.13,42.49959202,coal
_bks_10,800,10.0,10.0,1000,10.8,44.2,40.9,4.2,63.4,3.9,16.2,0.9,0.6,0.0,0.7,0.2,20.13,42.05689896,coal
_bks_11,800,10.0,20.0,1000,10.8,44.2,40.9,4.2,63.4,3.9,16.2,0.9,0.6,0.0,0.7,0.2,20.13,42.96328847,coal
_bks_12,600,0.5,1.0,1000,10.8,44.2,40.9,4.2,63.4,3.9,16.2,0.9,0.6,0.0,0.7,0.2,20.13,4.783372097,coal
_bks_13,600,1.0,1.0,1000,10.8,44.2,40.9,4.2,63.4,3.9,16.2,0.9,0.6,0.0,0.7,0.2,20.13,5.972734904,coal
_bks_15,600,2.0,1.0,1000,10.8,44.2,40.9,4.2,63.4,3.9,16.2,0.9,0.6,0.0,0.7,0.2,20.13,8.4,coal
_bks_16,600,5.0,1.0,1000,10.8,44.2,40.9,4.2,63.4,3.9,16.2,0.9,0.6,0.0,0.7,0.2,20.13,18.84903983,coal
_bks_17,600,10.0,1.0,1000,10.8,44.2,40.9,4.2,63.4,3.9,16.2,0.9,0.6,0.0,0.7,0.2,20.13,28.64043082,coal
_bks_19,800,0.5,1.0,1000,10.8,44.2,40.9,4.2,63.4,3.9,16.2,0.9,0.6,0.0,0.7,0.2,20.13,14.24040624,coal
_bks_20,800,1.0,1.0,1000,10.8,44.2,40.9,4.2,63.4,3.9,16.2,0.9,0.6,0.0,0.7,0.2,20.13,33.95002012,coal
_bks_21,800,1.5,1.0,1000,10.8,44.2,40.9,4.2,63.4,3.9,16.2,0.9,0.6,0.0,0.7,0.2,20.13,34.69122785,coal
_bks_22,800,2.0,1.0,1000,10.8,44.2,40.9,4.2,63.4,3.9,16.2,0.9,0.6,0.0,0.7,0.2,20.13,40.4836382,coal
_bks_23,800,5.0,1.0,1000,10.8,44.2,40.9,4.2,63.4,3.9,16.2,0.9,0.6,0.0,0.7,0.2,20.13,39.79692772,coal
_bks_24,800,10.0,1.0,1000,10.8,44.2,40.9,4.2,63.4,3.9,16.2,0.9,0.6,0.0,0.7,0.2,20.13,44.68062551,coal
_bks_26,1000,0.5,1.0,1000,10.8,44.2,40.9,4.2,63.4,3.9,16.2,0.9,0.6,0.0,0.7,0.2,20.13,17.30713072,coal
_bks_27,1000,1.0,1.0,1000,10.8,44.2,40.9,4.2,63.4,3.9,16.2,0.9,0.6,0.0,0.7,0.2,20.13,33.45812479,coal
_bks_28,1000,1.5,1.0,1000,10.8,44.2,40.9,4.2,63.4,3.9,16.2,0.9,0.6,0.0,0.7,0.2,20.13,48.37474458,coal
_bks_30,1000,5.0,1.0,1000,10.8,44.2,40.9,4.2,63.4,3.9,16.2,0.9,0.6,0.0,0.7,0.2,20.13,47.30093849,coal
_bks_31,1000,10.0,1.0,1000,10.8,44.2,40.9,4.2,63.4,3.9,16.2,0.9,0.6,0.0,0.7,0.2,20.13,49.48068752,coal
_bks_33,1000,10.0,1.0,10,10.8,44.2,40.9,4.2,63.4,3.9,16.2,0.9,0.6,0.0,0.7,0.2,20.13,55.18449811,coal
_bks_34,1000,10.0,1.0,50,10.8,44.2,40.9,4.2,63.4,3.9,16.2,0.9,0.6,0.0,0.7,0.2,20.13,58.12510681,coal
_bks_35,1000,10.0,1.0,100,10.8,44.2,40.9,4.2,63.4,3.9,16.2,0.9,0.6,0.0,0.7,0.2,20.13,58.62416455,coal
_bks_36,1000,10.0,1.0,500,10.8,44.2,40.9,4.2,63.4,3.9,16.2,0.9,0.6,0.0,0.7,0.2,20.13,59.78647687,coal
_bks_37,1000,10.0,1.0,1000,10.8,44.2,40.9,4.2,63.4,3.9,16.2,0.9,0.6,0.0,0.7,0.2,20.13,49.48068752,coal
